0,A (RE)PRODUÇÃO DO ESPAÇO URBANO DE SÃO JOÃO DEL REI E SUA IMPORTÂNCIA COMO PÓLO REGIONAL DA MESORREGIÃO DO CAMPO DAS VERTENTES,Bruno Henrique dos Santos;  Denise Natalia Carmo dos Santos,textual,Artigo,digital,Geografia,Expansão urbana; uso do Solo; (re) produção do espaço; espaço urbano.,2014,Alfenas (UNIFAL),"Aborda a investigação das transformações ocorridas no espaço urbano de São João Del Rei – MG durante o longo dos seus trezentos anos de história. No decorrer do trabalho procuramos identificar e classificar o uso do solo urbano, os problemas para a região e os agentes sociais que comandam esse processo", os problemas para a região e os agentes sociais que comandam esse processo"; Lígia Maria Brochado de Aguiar; séc. XVIII - 2016; São João del-Rei
0,A ANTROPOTOPONÍMIA DO CENTRO HISTÓRICO DE SÃO JOÃO DEL-REI – MG DO SÉC. XVIII AO SÉC. XXI,Celso Reis Macedo; Maria Cândida Trindade Costa de Seabra ,textual,Artigo,digital, Lingua Portuguesa,Léxico; Antropotoponímia; Variação; São João del-Rei,2019,Salvador (Revista Estudos Linguísticos e literários),"Apresenta-se possíveis motivadores da mudança dos antropotopônimos a que se submeteram, ao longo de trezentos anos, ao longo de trezentos anos;  algumas ruas da cidade."; SÉC. XVIII - SÉC. XXI
0,A BUSCA DE DIFERENTES FAMÍLIAS POR UMA ESCOLA PÚBLICA PARA OS FILHOS: O CASO DA ESCOLA ESTADUAL AURELIANO PIMENTEL EM SÃO JOÃO DEL-REI,JACQUELINE SADE TAYER,textual,Dissertação,digital,CIÊNCIAS DA EDUCAÇÃO,estratégias nas escolhas escolares; concorrência por vagas; escola pública de excelência.,2017,São João del-Rei (UFSJ),Investiga as estratégias desenvolvidas por famílias de diferentes classes sociais para a escolha de um estabelecimento de ensino para o ingresso dos filhos nos anos iniciais do ensino fundamental.,Gabriel Menezes Viana; Marcelo Pereira de Andrade,Gabriel Menezes Viana;  Marcelo Pereira de Andrade; 2011-2016; São João del- Rei; "Fábricas
0,A CIDADE DE SÃO JOÃO DEL-REI NAS ENTRELINHAS DOS MANUSCRITOS DO TEATRO DE REVISTA NA BELLE ÉPOQUE: Um testemunho da História Cultural são-joanense,Cláudio José Guilarduci,textual,Dissertação,digital,Teatro,,2009,UNI-RIO,"Visa compreender a representação social do espaço urbano de São João del-Rei no período da Belle Époque, a partir da análise de cinco peças de teatro de revista escritas por são-joanenses e encenadas na cidade, a partir da análise de cinco peças de teatro de revista escritas por são-joanenses e encenadas na cidade;  entre os anos de 1893 e 1918."; Evelyn Furquim Werneck Lima; 1893-1918;  inicio do séc. XX
0,A construção de territórios urbanos de populações de baixa renda em São João del-Rei - MG: conjuntos habitacionais do IAPI e seus entornos., Luiz Raimundo Tadeu da Silva,textual,Artigo Cientifico,digital,Filosofia,"desigualdade ambiental, conflitos ambientais, construção de territórios,
 urbanos",2007,UFSJ -DECIS,"O trabalho objetiva a reconstrução analítica do processo de construção histórica dos territórios hoje designados conjuntos habitacionais IAPI/JK, IAPI/Matosinhos e Praça Pedro Paulo, considerando essa construção como parte das estratégias empreendidas pelas elites econômicas e políticas da cidade, entre as décadas de 1940 e 1960, a fim de obter ganhos rentistas, políticos e aqueles derivados do controle e segregação espacial da força de trabalho (HARVEY, 1982).",Eder Jurandir Carneiro,1940-1960,São João del Rei,São João del Rei; "Matosinhos;  Fábricas"; 
0,A CONSTRUÇÃO SOCIAL DE TERRITÓRIOS URBANOS DE CLASSES POPULARES: O CASO DA VILA NOSSA SENHORA DE FÁTIMA (SÃO JOÃO DEL-REI – MG), Luiz Raimundo Tadeu da Silva,textual,Artigo Cientifico,digital,Filosofia,Construção social de territórios urbanos,2006,UFSJ -DECIS,"Objetiva a reconstrução analítica da história sócio-ambiental do território hoje ocupado pela vila Nossa Senhora de Fátima, em São João del-Rei. Para isso, em São João del-Rei. Para isso;  investigam-se aqui os processos sócio-históricos e mecanismos de injustiça ambiental;  assim como as práticas;  conflitos e agentes que determinaram as atuais formas de apropriação do território."
0,A ESTRADA DE FERRO OESTE DE MINAS: SÃO JOÃO DEL-REI (1877-1898),Welber Luiz dos Santos,textual,Dissertação,digital,História; Ciências Humanas e Sociais,"Mercado interno, Minas Gerais, ferrovia, São João del-Rei, oeste de Minas", oeste de Minas"; 2009; UFOP; "O mercado interno vem sendo objeto de pesquisas históricas já há alguns anos. A Estrada de Ferro Oeste de Minas
0,"A Estrada Real nos cenários arqueológico, colonial e contemporâneo: Construções e reconstruções histórico-culturais de um caminho.",Cristiano Lima Sales ,textual,Dissertação,digital,História,Estrada Real; Arte rupestre; Índios; Minas Gerais; Turismo. ,2012,UFSJ - PGHIS,"Aborda processos de construção e reconstrução pelos quais passou a paisagem cortada pela Estrada Real em três períodos distintos. Na primeira parte está em foco o período colonial,"Aborda processos de construção e reconstrução pelos quais passou a paisagem cortada pela Estrada Real em três períodos distintos. Na primeira parte está em foco o período colonial;  época à qual a historiografia comumente se refere para falar do surgimento das estradas reais. Na segunda parte recuo no tempo;  chegando a mais de 8.000 anos atrás para mostrar que os caminhos reais têm uma ancestralidade alicerçada na construção remota da paisagem que eles cortam. Na terceira parte;  encaminhando o texto para seu fechamento
0,A Estratégia do Programa Saúde da Família sob a ótica do Financiamento Federal: um Estudo de Caso no Município de São João Del Rei,Fábio Rodrigo de Deus; Marcos Paulo de Sá Mello; Caio Rodrigues do Vale; Romana Toussaint de Paula ,textual,Artigo,digital,Ciências Contabeis,Contabilidade;  Setor Público; Financiamento; Saúde da Família; SUS,2014,XI Simpósio de Excelência em Gestão e Tecnologia,O objetivo deste trabalho é verificar se os recursos transferidos pelo Governo Federal são suficientes para o efetivo custeio da Estratégia de Saúde da Família no Município de São João del-Rei nos exercícios 2011 e 2012.,-,-; 2011-2012; São João del-Rei
0,A expansão do território urbano e são joão del-rei/MG: a criação/ destruição de geografias da esperança,Bruno Henrique dos Santos,textual,Artigo,digital,Geografia," produção/(re)produção  do  espaço  urbano,  território, ,
fragmentação",2016,Revista OKARA: Geografia em debate,"Aborda sobre as transformações ocorridas no espaço urbano de São João del  Rei/MG  durante  o  longo  período  de  trezentos  anos  de  sua  história. Identificamos e classificamos o uso do solo urbano, os problemas para a região e os  agentes  sociais  que  comandaram  esse  processo",Lígia Maria Brochado de Aguiar,séc. XVIII - 2016,São João del-Rei,-0,
0,A expansão urbana do município de são joão del-rei: uma nota,Jadna Téssia Oliveira,textual,Artigo,digital,Geografia,"Expansão urbana, São João del-Rei",2014,UNIFAL,"Analisa o crescimento urbano do município de São João del-Rei levando em consideração o padrão da urbanização brasileira. Realizando levantamento e analise bibliográfica e de dados dos últimos censos demográficos realizados pelo IBGE,"Analisa o crescimento urbano do município de São João del-Rei levando em consideração o padrão da urbanização brasileira. Realizando levantamento e analise bibliográfica e de dados dos últimos censos demográficos realizados pelo IBGE;  com o intuito de compreender como se dá a organização espacial do município em questão."; Márcio Toledo; 1970 - 2010
0,"A Expansão Urbana, o Mercado Imobiliário e a Proliferação dos Enclaves Residências Horizontais no bairro Colônia do Marçal, em São João del-Rei (MG)",Jeziel Silveira Silva,textual,Artigo Cientifico,digital,Geografia,Condomínios habitacionais fechados. Expansão urbana. Agente imobiliário,2019,UEL /  Revista Geografia v. 28,UEL /  Revista Geografia v. 28; "Este artigo analisa o surgimento e consolidação de enclaves fechados;  no município de São João del-Rei (MG);  através da análise de sua proliferação no sentido norte-nordeste da cidade
0,A FORMAÇÃO SOCIOESPACIAL DE SÃO JOÃO DELREI/MG E O PROCESSO DE REGIONALIZAÇÃO DO CAMPO DAS VERTENTES  ,Bruno Henrique dos Santos,textual,Dissertação,digital,Geografia,"formação socioespacial, espaço urbano, regionalização, materialidade das técnicas",2017,2017; UFSJ / PPGEOG; "Explica como se deu a produção socioespacial de São João del-Rei através da periodização histórico-espacial da sua expansão urbana;  além de dimensionar a importância da microrregião de São João delRei na mesorregião do Campo das Vertentes. Identifica os agentes sociais que comandam o processo de expansão urbana do município."
0,A formação urbana da cidade de São João del-Rei,Roberto Maldos,textual,Artigo,digital,História,Formação Urbana; Determinações da Câmara e Vila e Cidade.,2001,Revista Tempos Gerais / UFSJ,"Portanto, este trabalho traz um conjunto de contribuições iniciais, este trabalho traz um conjunto de contribuições iniciais;  visando o aprofundamento dos estudos relacionados à formação urbana de São João del-Rei."
0,A humanização em estabelecimentos de saúde: centro de tratamento oncológico em São João del-Rei. ,Hannah Soares,textual,TFG,digital,Arquitetura,,2018,UFSJ,"PROJETO: Faz levantamentos de dados referentes ao SUS no município de São João del-Rei, visita e resume atividades da ASAPAC (Associação de Amparo a Pacientes com Câncer) e levanta dados urbanísticos do bairro Vila Belizário (Proposta de projeto).", visita e resume atividades da ASAPAC (Associação de Amparo a Pacientes com Câncer) e levanta dados urbanísticos do bairro Vila Belizário (Proposta de projeto)."; Anna Sophia Barbosa Baracho; "São João del-Rei
0,A Inserção Social através de Práticas de Educação Física como Medidas Interventivas para Pacientes Psicóticos e Neuróticos Graves do CAPS de São João del-Rei/ MG,Andrea Carmen Guimarães; Renata Cristiane Alves Pascoal; Iara Zilda de Carvalho; Kleber do Sacramento Adão,textual,Artigo,digital,Educação Física,Educação Física; saúde mental; inserção social; CAPS,2012,Revista Pesquisas e Práticas Psicossociai,-,-,-; 2010-2011; São João del-Rei
0,"A MODERNIDADE E OS CINEMAS NA CIDADE DE SÃO JOÃO DELREI (1905 – 1961): REGISTROS ARQUITETÔNICOS DO TEATRO MUNICIPAL, CINE GLÓRIA E CLUBE TEATRAL ARTUR AZEVEDO",Marcos Antônio Fernandes,textual,Dissertação,digital,"Interdisciplinar (Artes, Urbanidades e Sustentabilidade)","Modernidade, Cineteatro de rua, Cinema de rua, Cinema de rua;  Patrimônio Cultural;  Patrimônio Documental."; 2019
0,A ocupação do espaço pela mulher: uma análise sobre opressão e resistência  (so tem o resumo no drive da arquitetura),Elidiane Soares Piltelckow,textual,TFG,digital,Arquitetura,,2017,UFSJ,Faz levantamento da representatividade feminina na cidade de São João del-Rei.,Alba Bispo,Alba Bispo; 2017; Confirmar; Confirmar
0,A ordem carnavalesca,MARIA ISAURA PEREIRA DE QUEIROZ,textual,Artigo,digital,Sociologia,"Carnaval, ordem, estrutura social, cotidiano",1994,1994; Tempo Social;  Rev. Sociol. USP
0,"A ORGANIZAÇÃO SOCIAL DOS TRABALHADORES,
FABRIS EM SÃO JOÃO DEL-REI:,FABRIS EM SÃO JOÃO DEL-REI:
O CASO DA COMPANHIA INDUSTRIAL SÃO JOANENSE. ,O CASO DA COMPANHIA INDUSTRIAL SÃO JOANENSE. 
",Ana Paula Mendonça de Resende,textual,Dissertação,digital,História0,2003,UFMG / FAFICH– MESTRADO EM HISTÓRIA,"Essa dissertação discute a organização social dos operários da Companhia Industrial São Joanense. Bem como analisa a  Companhia enquanto um lugar da produção, inicialmente, como empreendimento econômico com raiz na vida urbana, abordou-se de que maneira, abordou-se de que maneira;  a cidade se articulava e se apresentava na época da fundação da fábrica;  uma vez que contava com novos elementos;  entre eles
0,A PRÁTICA DA INTEGRALIDADE NOS CRAS DO MUNICÍPIO DE SÃO JOÃO DEL REI-MG,LUCAS DE SOUSA TEIXEIRA,textual,Dissertação,digital,Pscicologia,"CRAS, PAIF, Serviço de Convivência e Fortalecimento de vínculos, integralidade, intersetorialidade", intersetorialidade"; 2016; PPGPSI-UFSJ
0,A PRODUÇÃO SOCIAL DA CATAÇÃO DE LIXO, Luiz Raimundo Tadeu da Silva,textual,Artigo Cientifico,digital,Filosofia, ,(não tem no arquivo),UFSJ -DECIS,,Eder Jurandir Carneiro,Eder Jurandir Carneiro; 1980 -; São João del Rei
0,"A VALORIZAÇÃO IMOBILIÁRIA EM SÃO JOÃO DEL-REI, TRANSFORMAÇÕES URBANAS",Jadna Téssia Oliveira,textual,Artigo,digital,Geografia,,2016,XVIIEncontro Nacional de Geógrafos,-,-; Márcio Toledo; 2005-2015; São João del-Rei
0,A VERTICALIZAÇÃO DO BAIRRO COLÔNIA DO MARÇAL: EXPANSÃO URBANA E O MERCADO IMOBILIÁRIO EM SÃO JOÃO DEL-REI (MG),Jeziel Silveira SILVA; Denise Leite MARQUES; Marcio TOLEDO ,textual,Artigo,digital,Geografia," Moradias Verticais, agente Imobiliário, expansão urbana",2020,Revista Geografia em Questão,Revista Geografia em Questão; 2000-2019
0,ACESSIBILIDADE E MOBILIDADE URBANA COMO CONDIÇÕES SUBSTANCIAIS PARA A APROPRIAÇÃO DO ESPAÇO NO CENTRO HISTÓRICO DE SÃO JOÃO DEL-REI,MÁRCIO DANILO DOS SANTOS,textual,Dissertação,digital,"Interdisciplinar (Artes, Urbanidades e Sustentabilidade)","mobilidade, acessibilidade, artivismo, planejador educador, planejador educador;  gestão coletiva;  empatia"; 2018
",-,São João del- Rei,Centro0,
0,Acessibilidade em edificações tombadas:  um estudo aplicado ao museu regional de São João del-Rei  (só tem o resumo no drive da arquitetura),Julia Haddad Zerlotini,textual / projeto,TFG,digital,Arquitetura,,2017,UFSJ,"Visita museus do centro histórico de São João del-Rei, avaliando as questões de acessibilidade. Faz estudo específico sobre o tema avaliando o Museu Regional do município. ", avaliando as questões de acessibilidade. Faz estudo específico sobre o tema avaliando o Museu Regional do município. ";  Liziane Perez Mangili; 2017; "São João del-rei
0,Amparo: espaço de apoio à mulher ,Maraisa Ganza,textual / projeto,TFG,digital,Arquitetura,,2019,UFSJ,Faz levantamento das instituições para o tratamento de dependentes químicos na cidade,Ana Cristina Reis Faria,Ana Cristina Reis Faria; 2018-2019; "São João del-Rei;  em especial o bairro rural Elvas e a comunidade Sagrado Coração de Jesus"
0,"ANÁLISE AMBIENTAL DAS ÁREAS PROTEGIDAS NA SERRA DE SÃO JOSÉ (MG), COM ÊNFASE NA PROTEÇÃO DO PATRIMÔNIO ESPELEOLÓGICO",PEDRO HENRIQUE SILVA TEIXEIRA,textual,Dissertação,digital,Geografia,"Unidades de Conservação., Espeleologia, Análise Multicritério, Vulnerabilidade", Vulnerabilidade"; 2019; UFSJ / PPGEOG; O objetivo desta dissertação é apresentar um modelo de vulnerabilidade ambiental e natural. A área de estudo abrange duas unidades de conservação estadual inseridas na Região Cárstica de São João del-Rei formadas por rochas areno-quartzíticas. A Área de Proteção Ambiental Serra de São José e o Refúgio Estadual de Vida Silvestre Libélulas da Serra de São José ambas localizadas na região do Campo das Vertentes no Estado de Minas Gerais
0,"ANÁLISE CRÍTICA DO ATUAL PROCESSO DE EXPANSÃO URBANA,
EM SÃO JOÃO DEL-REI (MG) A PARTIR DO BAIRRO COLÔNIA DO,EM SÃO JOÃO DEL-REI (MG) A PARTIR DO BAIRRO COLÔNIA DO
MARÇA",Rafael Begname Andrade; Juliar de Souza Oliveira; André Ribeiro Barbosa ,textual,Artigo,digital,Geografia,Espaço urbano; Expansão urbana; São João del-Rei; Colônia do Marçal.,2014,UNIFAL0,Márcio Toledo,1970-2010,São João del-Rei,São João del-Rei; 
0,ANÁLISE MULTICRITÉRIO: MODELOS DE INTERESSE AMBIENTAL E DE ÁREAS PROPÍCIAS À EXPANSÃO URBANA NA BACIA DO CÓRREGO DO LENHEIRO,Thiago Gonçalves Santos,textual,Artigo,digital,Geografia,Mapeamento digital; Planejamento ambiental; Planejamento urbano; Bacia hidrográfica.,2017,Revista Caminhos de Geografia,-,Silvia Elena Ventorini,Silvia Elena Ventorini; São João del-Rei
0,Arquitetura Ferroviária Industrial: O Caso das Cidades de São João del-Rei e Juiz de Fora (1875 -1930) ,Danielle Couto Moreira,textual,Disseração,digital,Arquitetura e Urbanismo,"Arquitetura fabril, arquitetura ferroviária, habitação operária, patrimômio industrial",2007,2007; Escola de Engenharia de São Carlos -USP; "Trata da análise e reflexão acerca da arquitetura da era industrial empreendida nas cidades de Juiz de Fora e São João del-Rei;  durante o período de 1875 a 1930."
0,AS MULHERES DA ORQUESTRA RIBEIRO BASTOS DE SÃO JOÃO DEL-REI MG,GABRIEL HEITOR RIBEIRO,textual,Dissertação,digital,"Interdisciplinar (Artes, Urbanidades e Sustentabilidade)","Mulheres, Orquestra Ribeiro Bastos, música, feminina, feminina;  inserção social."; 2018; UFSJ/ PIPAUS
0,"AS TRANSFORMAÇÕES HISTÓRICAS E A DINÂMICA ATUAL DA PAISAGEM DA SERRA DO LENHEIRO, SÃO JOÃO DEL-REI, MINAS GERAIS",Helton Santos Lopes Barbosa,textual,Dissertação,digital,Geografia,GTP; Serra do Lenheiro; Percepção ambiental-paisagística,2019,UFSJ / PPGEOG,UFSJ / PPGEOG; "O surgimento da cidade de São João del-Rei entre o fim do século XVII e início do século XVIII está diretamente relacionado com a Serra do Lenheiro em decorrência de sua abundância aurífera. Buscou-se através da aplicação do sistema tripolar Geossistema;  Território e Paisagem (GTP);  compreender as transformações históricas e a dinâmica atual da paisagem da Serra do Lenheiro
0,"ATUAÇÃO DO PROGRAMA MINHA CASA MINHA VIDA EM SÃO JOÃO DEL REI, MINAS GERAIS",Jaine Cristina Ferreira,textual,Artigo,digital,Políticas Públicas,Programa Minha Casa Minha Vida; Déficit Habitacional; Eficácia; São João Del Rei (MG).,2016,UFMG,,; Aline Cristina Cruz;  Daniela Almeida Raposo Torres; 2009-2014; São João del-Rei
0,"Casa Aurora: Centro de parto normal que oferece acolhimento e  atenção humanizada à gravidez, parto e puerpério em São joão del-Rei. ",Júlia Costa Teixeira Roque,textual,TFG,digital,Arquitetura,,2019,UFSJ,"Faz levantamentos sobre parto normal no município e realiza entrevistas com mães usuárias dos serviços de saúde no que dizem respeito ao acompanhamento da gravidez,"Faz levantamentos sobre parto normal no município e realiza entrevistas com mães usuárias dos serviços de saúde no que dizem respeito ao acompanhamento da gravidez;  pré-natal;  parto e puerpério no município de São João del-Rei."; Ana Cristina Reis Faria
0,"Centro de apoio, conscientização e empoderamento feminino de São João del-Rei, M.G.: democratizando a luta pela redução da desigualdade e violência de gênero. ",Mariah Santos Barcellos,textual,TFG,digital,Arquitetura,,2019,UFSJ,UFSJ; "Faz estudo teório e diagnósticos para compreender estratégias de integração entre coletivos feministas com a população feminina vulnerável;  buscando democratizar o debateda desigualdade e violência de gênero em São João del-Rei. "; Daniela Abritta Cota
0,Cidade intermediária e rede urbana: o caso de São João del-Rei (MG),Ana Carolina Dias Diório,textual,Artigo,digital,Arquitetura,Cidade intermediária. Rede urbana. Regic. São João del-Rei.,2014,Cadernos de Arquitetura e Urbanismo / PUC MINAS,,Daniela Abritta Cota,Daniela Abritta Cota; 2007; São João del-Rei
0,Conflitos ambientais e a construção de territórios urbanos em São João del-Rei - MG,Eder Jurandir Carneiro,textual,Artigo Cientifico,digital,Filosofia, ,2007,UFPE,,-,-; 2004-2007; São João del-Rei; "São Dimas
0,Conflitos Ambientais e Construção de um Território Urbano: O Caso do Bairro São Dimas (São João del-Rei - MG),Matheus Alves de Barros,textual,Artigo Cientifico,digital,Filosofia,,(não tem no arquivo),UFSJ ,,Eder Jurandir Carneiro,Eder Jurandir Carneiro; São João del-Rei; São Dimas 
0,CONFLITOS ANBIENTAIS E PROCESSOS DE CONSTRUÇÃO DE TERRITÓRIOS URBANOS: O CASO DO BAIRRO SENHOR DOS MONTES (SÃO JOÃO DEL-REI – MG),Isaac Cassemiro Ribeiro,textual,Artigo Cientifico,digital,Filosofia," Justiça Ambiental, Senhor dos Montes, conflitos ambientais, São João del-Rei.",2008,2008; UFSJ ; ; Eder Jurandir Carneiro
0,"CONFLITOS URBANOS E ESTRATÉGIAS COTIDIANAS DE,
RESISTÊNCIA: o processo de formação de um bairro periférico,RESISTÊNCIA: o processo de formação de um bairro periférico
",Vivian Prado Perreira,textual,Dissertação,digital,Arquitetura,Conflito. Conflito Urbano. Periferia. Resistência. Luta de classes.,2015,UFRJ0,Henri Acslrad; Eder J. Carneiro,-,São João del-Rei,São João del-Rei; São Dimas; 
0,"CRESCIMENTO URBANO NA “PEQUENA-MÉDIA” SÃO JOÃO DEL REI, MG: NOTAS PRELIMINARES DE UMA PESQUISA",Ana Carolina Dias Diório ,textual,Artigo,digital,Arquitetura,,2012,-,,; Daniela Abritta Cota; 2002-2012; São João del-Rei
0,"DINÂMICA TERRITORIAL DA PRODUÇÃO IMOBILIÁRIA EM SÃO,
JOÃO DEL REI/MG ENTRE OS ANOS 2009-2017 ",Larissa Cristina Sandim,textual,Dissertação,digital,Geografia,"Planejamento urbano, Minha Casa Minha Vida, Política  habitacional",2019,UFSJ/ PPGEOG,"A dissertação investiga a dinâmica territorial da produção imobiliária presente na cidade de São João del Rei a partir do ano de 2009, com a criação do Programa Federal Minha Casa Minha Vida (MCMV) por meio da análise dos loteamentos aprovados pela prefeitura no período selecionado.", com a criação do Programa Federal Minha Casa Minha Vida (MCMV) por meio da análise dos loteamentos aprovados pela prefeitura no período selecionado.";  Tatiane Marina Pinto de Godoy; 2009-2017; Área urbana de São João del Rei
0,DINÂMICA TERRITORIAL DA PRODUÇÃO IMOBILIÁRIA EM SÃO JOÃO DEL REI/MG ENTRE OS ANOS 2009-2017,LARISSA CRISTINA SANDIM,textual,Dissertação,digital,Geografia,"Planejamento urbano, Minha Casa Minha Vida, Política habitaciona",2019,UFSJ / PPGEOG,UFSJ / PPGEOG; "Essa dissertação investiga a dinâmica territorial da produção imobiliária presente na cidade de São João del Rei a partir do ano de 2009;  com a criação do Programa Federal Minha Casa Minha Vida (MCMV) por meio da análise dos loteamentos aprovados pela prefeitura no período selecionado"; Tatiane Marina Pinto de Godoy
0,"EDUCAÇÃO, EXPANSÃO DAS UNIVERSIDADES,
FEDERAIS E O PROCESSO DE VALORIZAÇÃO DO,FEDERAIS E O PROCESSO DE VALORIZAÇÃO DO
ESPAÇO URBANO EM SÃO JOÃO DEL-REI (MG) ",JADNA TÉSSIA OLIVEIRA,textual,Dissertação,digital,Geografia,Valorização Imobiliária; São João del-Rei; Transformações urbanas.,2017,UFSJ / PPGEOG,"Analisa o crescimento urbano do município de São João del-Rei e a valorização do solo urbano no período de ampliação da Universidade,
Federal de São João del-Rei, a fim de estabelecer quais as áreas da cidade apresentam,
maior valorização imobiliária e quais as possíveis causas dessa valorização, no que,
concerne às áreas em questão.",Márcio Roberto Toledo,2005-2015,Dom Bosco/Cidade Nova;  Bonfim/Parque real; Vila Marchetti; Tijuco; Matozinhos; Colônia do Marçal; Caiera/Belizario; Pio XII; Colinas Del-Rei;  São Geraldo; Fábricas/ J. Lombardi;  Bom pastor; São Caetano;  Guarda-mor. ,Dom Bosco/Cidade Nova;  Bonfim/Parque real; Vila Marchetti; Tijuco; Matozinhos; Colônia do Marçal; Caiera/Belizario; Pio XII; Colinas Del-Rei;  São Geraldo; Fábricas/ J. Lombardi;  Bom pastor; São Caetano;  Guarda-mor. 0,
0,"EDUCAÇÃO, EXPANSÃO DAS UNIVERSIDADES FEDERAIS E O PROCESSO DE VALORIZAÇÃO DO ESPAÇO URBANO EM SÃO JOÃO DEL-REI (MG)",JADNA TÉSSIA OLIVEIRA,textual,Dissertação,digital,Geografia,Valorização Imobiliária; São João del-Rei; Transformações urbanas,2017,UFSJ / PPGEOG,"Neste trabalho analisamos o crescimento urbano do município de São João del-Rei,"Neste trabalho analisamos o crescimento urbano do município de São João del-Rei;  em Minas Gerais;  e a valorização do solo urbano no período de ampliação da Universidade Federal de São João del-Rei;  a fim de estabelecer quais as áreas da cidade apresentam maior valorização imobiliária e quais as possíveis causas dessa valorização
0,"EDUCAÇÃO, TRABALHO E VIDA NO “CAMPO”: POLÍTICAS,
PÚBLICAS NO DISTRITO DE RIO DAS MORTES EM SÃO JOÃO,PÚBLICAS NO DISTRITO DE RIO DAS MORTES EM SÃO JOÃO
DEL-REI/ MG  ",GABRIEL MAX DE OLIVEIRA DIAS,textual,Dissertação,digital,Geografia,Sistema de ensino; desenvolvimento territorial; políticas públicas; agricultura familiar camponesa; rural-urbano.,2018,UFSJ / PPGEOG,"A dissertação tem como tema o sistema público de ensino e as populações do campo e, como problema, as potencialidades deste sistema para a construção do sujeito político capaz de constituir seu território a partir da materialização das relações camponesas no espaço, da participação política e das lutas de resistência.", da participação política e das lutas de resistência."; Ligia Maria Brochado de Aguiar; DIstrito de Rio das Mortes - SJDR
0,ENTRE A PRESERVAÇÃO E O PROGRESSO: O PALIMPSESTO URBANO NA FORMAÇÃO DA PAISAGEM DE SÃO JOÃO DELREI/ MG ,Tatiana Paiva Xavier,textual,Dissertação ,digital,Arquitetura e Urbanismo,São João del-Rei; Morfologia Urbana; Paisagem urbana; Escola Inglesa de Morfologia Urbana; Tradição e modernidade.,2018,UFMG / PAPCS,"A investigação proposta nesta dissertação teve como objetivo verificar a evolução das formas urbanas da cidade de São João del-Rei/MG oriundas das transformações nela ocorridas ao longo dos anos, uma vez que a forma urbana é produto das ações políticas, uma vez que a forma urbana é produto das ações políticas;  sociais e econômicas que promovem singularidade à paisagem urbana"; Staël de Alvarenga Pereira Costa; Séc XVII - 2017
Fátima, Jardim América, Vila Santo Antônio, Vila Militar, São Caetano, São José"0,
0,Estratégias de Empreendedorismo e Desigualdades Ambientais em São João del-Rei – MG,Dayse de Souza Leite e Dênis Pereira Tavares,textual,Artigo Cientifico,digital,Filosofia,"Empreendedorismo urbano, conflitos ambientais, justiça ambiental.",2008,ANPPAS (Associação Nacional de Pós-Graduação e Pesquisa em Ambiente e Sociedade),ANPPAS (Associação Nacional de Pós-Graduação e Pesquisa em Ambiente e Sociedade); ; Eder Jurandir Carneiro; 1995 - 2007
0,Estudo da Bacia Hidrográfica do Córrego São Francisco Xavier – São João del-Rei – Minas Gerais: por meio de mapeamento temático.,Jaime Jonhy Maus,textual,TCC,digital,Geografia,"Bacia Hidrográfica, Leis de Bacias Hidrográficas, Análise Multicriterial e Modelos Sínteses.",2015,PPGGEO / UFSJ,PPGGEO / UFSJ; ; Silvia Elena Ventorini
0,"FAMÍLIA E POVOAMENTO NA COMARCA DO RIO DAS MORTES: Os “Ribeiro da Silva”, Fronteira, Fortunas e Fazendas (Minas Gerais, séculos XVIII e XIX)",ISAAC CASSEMIRO RIBEIRO ,textual,Dissertação,digital,História,História da Família; comarca do Rio das Mortes; Oeste de Minas; cultura material; economia de abastecimento; família “Ribeiro da Silva”,2014,2014; UFSJ - PGHIS; ; Marcos Ferreira de Andrade
0,FORMAÇÃO URBANA DA CIDADE DE SÃO JOÃO DEL- REI ,Roberto Maldos,textual,Artigo Científico,digital,Hsitória, Formação Urbana; Determinações da Câmara e Vila e Cidade. ,2001,UFSJ/ DECIS - Revista Tempos Gerais ,Este estudo tem por objetivo analisar os aspectos de normatização na formação da Vila de São João del-Rei.,-,-; "séc. XVIII;  XIX e XX"; Todo o espaço urbano de São João del Rei
0,"FORMAÇÕES TERRITORIAIS URBANAS EM SÃO JOÃO DEL-REI MG,
",Eder Jurandir Carneiro,textual,Artigo Científico,digital,História,Territórios urbanos; classes populares; São João del-Rei,2009,"ANPUH – XXV SIMPÓSIO NACIONAL DE HISTÓRIA – Fortaleza, 2009.",O trabalho apresenta conclusões parciais de extensa pesquisa sobre processos de construção de territórios urbanos de classes populares em São João del-Rei.,-,2006-2008,2006-2008; "Cidade Nova;  São Dimas;  vila Nossa Senhora de Fátima
0,"Gênero, cotidiano e direito à cidade: uma reflexão prática ",Daniela Abritta Costa,textual,Artigo Cientifico,digital,Arquitetura e Urbanismo,Gênero. Cotidiano. Direito à cidade. Mulheres. São João del-Rei – MG.,2020,PUC MINAS - Cadernos de Arquitetura e Urbanismo v.26,"objetiva refletir sobre a incorporação prática da perspectiva de gênero em planos e projetos urbanos por meio da aplicação de métodos que permitam incluir,"objetiva refletir sobre a incorporação prática da perspectiva de gênero em planos e projetos urbanos por meio da aplicação de métodos que permitam incluir;  de fato;  as experiências cotidianas e as demandas das mulheres em relação à cidade."
0,HABITAÇÃO DE INTERESSE SOCIAL E A PRODUÇÃO DO ESPAÇO URBANO EM SÃO JOÃO DEL-REI/MG ENTRE OS ANOS 2006-2016  ,LETÍCIA MARIA DE PAIVA,textual,Dissertação,digital,Geografia,Habitação de Interesse Social; Política Habitacional; Espaço Urbano; Capitalismo; São João Del-Re,2017,UFSJ / PPGEOG,"A pesquisa analisa as contradições existentes na produção capitalista do espaço urbano e na política de habitação na cidade de São João Del- Rei, a partir do estudo dos empreendimentos imobiliários citados.", a partir do estudo dos empreendimentos imobiliários citados."; Tatiane Marina Pinto de Godoy; 2006 - 2016; "Empreendimentos imobiliários de baixa renda em São João Del-Rei: o conjunto habitacional Marechal Cyro do Espírito Santo Cardoso (Bairro Bonfim)
0,HABITAÇÃO DE INTERESSE SOCIAL E A PRODUÇÃO DO ESPAÇO URBANO EM SÃO JOÃO DEL-REIMG ENTRE OS ANOS 2006-2016,Letícia Maria de Paiva,textual,Dissertação,digital,Geografia,Habitação de Interesse Social; Política Habitacional; Espaço Urbano; Capitalismo; São João Del-Rei,2017,UFSJ,-,Tatiane Marina Pinto de Godoy,Tatiane Marina Pinto de Godoy; 2006-2016; São João del-Rei
0,HABITAÇÃO DE INTERESSE SOCIAL E A PRODUÇÃO DO ESPAÇO URBANO: A EXPERIÊNCIA DE SÃO JOÃO DEL-REI,Letícia Maria de Paiva,textual,Artigo,digital,Geografia,Habitação de Interesse Social; Política Habitacional; Espaço Urbano; São João Del-Rei,2015,XI- ENCONTRO NACIONAL DA ANPEGE,-,-,-; São João del-Rei
0,Habitação Popular na Cidade de São João del-Rei  ,Letícia Nascimento,textual,TFG,digital,Arquitetura,,2019,UFSJ,"Faz levantamentos sobre os empreendimentos do programa MCMV na cidade de São João del-Rei por meio de entrevista com moradores (acesso, espaços de lazer, espaços de lazer;  privacidade;  segurança;  etc.). "
0,Humanização hospitalar e sua influência no quadro clínico do paciente em tratamento de câncer: uma proposta de Complexo Oncológico para São João del-Rei. ,Paulo Vitor da Costa Silvano,textual,TFG,digital,Arquitetura,,2019,UFSJ,Faz levantamentos sobre o funcionamento da rede de tratamento oncológico em São João del-Rei.,Laura Resende Tavares,Laura Resende Tavares; 2018-2019; "São João del-Rei;  em especial a rede de tratamento do câncer na cidade (Santa Casa de Misericórdia e ASAPAC)."
0,JUVENTUDE NEGRA PERIFÉRICA E DIREITO À CIDADE: UM ESTUDO DE CASO   ,Daniel Victor Gouveia Lage,textual,Artigo Cientifico,digital,Arquitetura e Urbanismo,Vivência urbana. Juventude negra periférica. Direito à cidade. Planejamento insurgente.,2019,PUC MINAS - Cadernos de Arquitetura e Urbanismo v.26,"busca refletir sobre alternativas de planejamento urbano, a partir da percepção de jovens negros da periferia de São João del-Rei, a partir da percepção de jovens negros da periferia de São João del-Rei;  MG"; Daniela Abritta Costa; 2010-2018
0,"LAZER EM SÃO JOÃO DEL-REI:,
ASPECTOS HISTOR1COS0,
CONCEITUAIS E POLITICOS ",",
Kleber do Sacramento Adão",textual,Livro,digital,Educação Física0,2011,UFSJ / Ministério do Esporte Rede CEDES,São várias as formas de construção teOrica e prática do Lazer em São João del-Rei. Neste livro optamos par oferecer ao leitor urn panorama amplo e critico da questão.,Renato Sampaio Sadi,séc XVIII - 2010,Área urbana de São João del Rei,"Fábricas,"Fábricas;  Matozinhos;  Águas Férreas;  Tejjuco "
0,Leituras de São João del-Rei/MG: experiências espaçotemporais da modernidade,Denis Pereira Tavares,textual,Artigo,digital,História,"São João del-Rei, modernidade, espaço, tempo ",2011,2011; Revista Espacialidades
0,LEVANTAMENTO E REGIONALIZAÇÃO DA FRAGILIDADE AMBIENTAL E VULNERABILIDADE Á PROCESSOS EROSIVOS NA BACIA DO RIO DAS MORTES-MG,LUDIMILA FERREIRA CASTRO,textual,Dissertação,digital,Geografia,Vulnerabilidade erosiva; fragilidade ambiental; geomorfologia; processos erosivos,2019,UFSJ / PPGEOG,"A finalidade deste estudo é de realizar a análise da fragilidade ambiental e vulnerabilidade à processos erosivos na Bacia do rio das Mortes-MG, que se localiza na mesorregião do Campo das Vertentes no estado de Minas Gerais. A sua importância justifica-se pela carência de dados em relação aos dados físicos e ambientais que compõem a bacia e de estudos sobre fragilidade ambiental que tenham como foco os processos erosivos", que se localiza na mesorregião do Campo das Vertentes no estado de Minas Gerais. A sua importância justifica-se pela carência de dados em relação aos dados físicos e ambientais que compõem a bacia e de estudos sobre fragilidade ambiental que tenham como foco os processos erosivos"; André Batista de Negreiros; 2017-2019; mesorregião do Campo das vertentes e Centro Oeste de Minas Gerais
0,LUGAR DE CONSUMO OU CONSUMO DE LUGAR? A PRODUÇÃO SOCIAL DO ESPAÇO URBANO E OS PROCESSOS DE RESSIGNIFICAÇÃO DA RUA DA ZONA EM SÃO JOÃO DEL-REI / MG,Thais de Almeida Gonçalves,textual,Dissertação,digital,"Interdisciplinar (Artes, Urbanidades e Sustentabilidade)",Produção do espaço urbano. Consumo do/no espaço. Urbanidades. São João del-Rei (MG). Rua da Zona.,2019,UFSJ/ PIPAUS,"Tendo como objeto de pesquisa a ressignificação das,"Tendo como objeto de pesquisa a ressignificação das
espacialidades urbanas em São João del-Rei, mais precisamente da Rua Marechal Bitencourt, analisa-se a dinâmica social urbana local e a sua relação com a,
materialidade da cidade, na busca pelo entendimento desses processos e de que forma podem se refletir em escala global. ", Paulo Henrique Caetano; Márcia Saeko Hirata,-,"Rua Marechal,
Bitencourt",Centro histórico0,
0,MAPEAMENTO DA VULNERABILIDADE SOCIAL ANTES E DEPOIS DA OCORRÊNCIA DE DESASTRE EM ÁREA URBANA DA BACIA DO CÓRREGO DO LENHEIRO,Thiago Gonçalves Santos,textual,Artigo,digital,Geografia,"Desastre Humano de Natureza, Análise Multicritério, Mapas temáticos",2019,III Simpósio Ibero-Afro-Americano de Riscos,III Simpósio Ibero-Afro-Americano de Riscos; Silvia Elena Ventorini
0,"Mapeamento de áreas suscetíveis aos desastres humanos de natureza na bacia do córrego do Lenheiro, Minas Gerais, Brasil",Thiago Gonçalves Santos,textual,Artigo,digital,Geografia,"cartografia digital, planejamento urbano, inundações", inundações"; 2018; Revista Geográfica Venezolana
0,"MINHA CASA ... E A VIDA?,
IMPACTOS SOCIOESPACIAIS A PARTIR DA ANÁLISE DE UM,IMPACTOS SOCIOESPACIAIS A PARTIR DA ANÁLISE DE UM
EMPREENDIMENTO DO PROGRAMA MINHA CASA, MINHA VIDA EM SÃO JOÃO DEL REI, MG.  ",ANA LUIZA AURELIANO SILVA,textual,Dissertação,digital,Geografia,"Programa “Minha casa, Minha vida”, produção do espaço urbano, apropriação do espaço, impactos socioespaciais, impactos socioespaciais;  São João del Rei – MG"; 2018; UFSJ / PPGEOG
0,Mobilidade urbana no centro histórico de São João del-Rei: o pedestre nas vias de entorno do córrego do lenheiros  ,Letícia Fernandes Mendes Nunes,textual / projeto,TFG,digital,Arquitetura,,2018,UFSJ,Realiza diagnóstico e análise da situação do pedestre no centro histórico da cidade e apresenta proposta de intervençao para a melhoria da mobilidade urbana,Alba Bispo,Alba Bispo; 2018; "São João;  em especial o centro histórico"
0,MORADIA COMO ELEMENTO ESTRUTURADOR DA QUALIDADE DE VIDA NA TERCEIRA IDADE: proposição projetual para idosos ativos do município de São João del – MG.,"Anne Elize Resende, Anna Sophia Barbosa Baracho ",textual,Dissertação,digital,Arquitetura ,Moradia; Idoso Ativo; Qualidade de Vida,2016,UFMG - III Fórum Habitar 2016,"Este artigo propõe um projeto arquitetônico,"Este artigo propõe um projeto arquitetônico;  promotor de um espaço adequado e acessível para moradia dos idosos ativos da cidade de SJDR e da região das Vertentes. O município de SJDR e região não está preparado para acolher pessoas com idades avançadas;  sobretudo as mais ativas;  que procuram atividades de lazer
0,NOTAS SOBRE UMA EXPERIÊNCIA DE EXTENSÃO NOS BAIRROS GAMELEIRAS E ÁGUAS GERAIS – SÃO JOÃO DEL-REI/MG,Lucas Henrique Pinto,textual,Artigo Cientifico,digital,Filosofia,,2007,UFSJ,,Eder Jurandir Carneiro,Eder Jurandir Carneiro; 2006; São João del-Rei; Aguas Gerais e Gameleiras
0,NOTAS SOBRE UMA EXPERIÊNCIA DE EXTENSÃO UNIVERSITÁRIA: JUSTIÇÃ AMBIENTAL E A COMUNIDADE DO BAIRRO SÃO DIMAS (SÃO JOÃO DEL-REI/MG),Luiz Felipe Martins Candido,textual,Artigo Cientifico,digital,Filosofia,,2006,UFSJ,,Eder Jurandir Carneiro,Eder Jurandir Carneiro; 2004 - 2006; São João del-Rei; São Dimas
0,O “FRONT INTERNO” SÃO-JOANENSE DURANTE A SEGUNDA GUERRA MUNDIAL (1939-1945). ,THIAGO HENRIQUE CARVALHO DAVIN,textual,Monografia,digital,História,São João Del Rei; Imigrantes; Segunda Guerra Mundial; Imprensa.,2017,UFSJ /DECIS,A presente monografia propõe estudar o impacto socioeconômico e político que a Segunda Guerra Mundial promoveu na cidade de São João Del Rei.,Marcos Ferreira de Andrade,Marcos Ferreira de Andrade; 1939-1945; Área urbana de São João del Rei
0,"O BARROCO NAS ASAS DA MODERNIDADE - COMPETIÇÃO INTERLOCAL E ARTICULAÇÃO DE ELITES NA CIDADE MINEIRA DE SÃO JOÃO DEL-REI: AEROPORTO, SHOPPING CENTER E “REVITALIZAÇÃO” DO CENTRO HISTÓRICO*,
 ",Dayse de Souza Leite ,textual,Artigo Cientifico,digital,Filosofia0,-,UFSJ,,Eder Jurandir Carneiro,2007 -2008 ,São João del-Rei,São João del-Rei; " AEROPORTO;  SHOPPING CENTER e Centro Histórico"; 
0,O espaço como estímulo para pessoas com diversidade funcional: requalificação da APAE São João del-Rei   ,Mariana Silva Pereira,textual / projeto,TFG,digital,Arquitetura,,2018,UFSJ,"Faz levantamento das dependências, do funcionamento, do funcionamento;  das atividades e das parcerias da APAE. Entrevista mães e usuários da Associação. "; Anna Sophia Barbosa Baracho; 2016-2018
0,O passado no presente: a importância da educação patrimonial e do arqueoturismo para a preservação do patrimônio arqueológico da “Estrada Real”,Patricia Palma Santos,textual,Dissertação,digital,História,"Estrada Real”, turismo arqueológico, arte rupestre, comunidade, arqueologia comunitária, arqueologia comunitária;  educação patrimonial;  arqueologia pública;  musealização in situ"
0,O PLANO DIRETOR E A CAPITAL BRASILEIRA DA CULTURA 2007: estratégias de consenso e empreendedorismo urbano em São João Del-Rei/MG,Denis Pereira Tavares,textual,Artigo Cientifico,digital,Filosofia,,2008,UFSJ,,Eder Jurandir Carneiro,Eder Jurandir Carneiro; 2007 - 2008; São João del-Rei
0,O PROCESSO DE PATRIMONIALIZAÇÃO DE SÃO JOÃO DEL-REI: CONFLITOS EM TORNO DE UM PATRIMÔNIO EM “PEDRA E CAL”,Denis Pereira Tavares,textual,Artigo,digital,Ciências Sociais,,-,UFSJ,-,Eder Jurandir Carneiro,Eder Jurandir Carneiro; 1938-1947; São João del-Rei; "Matozinhos
0,O TOMBAMENTO DO CONJUNTO ARQUITETÔNICO E URBANÍSTICO DE SÃO JOÃO DEL-REI: NEGOCIAÇÃO E CONFLITO ENTRE PROJETOS DE APROPRIAÇÃO E USO DO PATRIMÔNIO CULTURAL (1938-1967),Denis Pereira Tavares,textual,Dissertação,digital,História,"São João del-Rei, Sphan, identidade nacional, patrimônio cultural",2012,2012; UFMG; ; Regina Helena Alves da Silva
0,O TOMBAMENTO DOS BENS ARQUITETÔNICOS E URBANÍSTICOS DE SÃO JOÃO DEL-REI: EMBATES EM TORNO DA PRESERVAÇÃO E DO PROGRESSO,Marcella Franco de Andrade,textual,Dissertação,digital,Arquitetura e Urbanismo,"São João del-Rei, Patriônio cultural, Identidade nacional",2013,Universidade Presbiteriana Mackenzie,Universidade Presbiteriana Mackenzie; José Geraldo Simões Júnior; séc XIX -  1983
0,"O turismo como impulsionador do desenvolvimento regional: análise no Campo das Vertentes (mg), Brasil  ",Thiago de Sousa-Santos e Raquel da Silva-Pereira,textual,Artigo Cientifico,digital,Turismo,"desenvolvimento regional e local, regionalização, planejamento do desenvolvimento.",2020,2020;  EURE - Revista lationoamerica de Estudos Urbano Regionales; "Este artigo apresenta a pesquisa realizada com o objetivo de analisar os resultados gerados pelas ações de fortalecimento do turismo para o desenvolvimento regional;  a partir da dimensão organizacional  roposta pelo modelo de Tomazzoni (2007). Foram investigados os municípios de Prados
0,"Orientações práticas para a segurança jurídica da posse no assentamento Alto das Mercês, São João del-Rei/MG  ",Sabrina kellen Pereira,textual,TFG,digital,Arquitetura,,2016,UFSJ,Faz levantamento e estudo sobre a ocupação do Alto das Mercês e a segurança jurídica de suas moradias. Aplica questionários junto aos moradores,Faz levantamento e estudo sobre a ocupação do Alto das Mercês e a segurança jurídica de suas moradias. Aplica questionários junto aos moradores; Márcia Hirata; 2015-2016; "São João del-Rei
0,"OS SINOS, OS CARROS DE BOIS E A LOCOMOTIVA EM SÃO JOÃO DEL REI: NOTAS SOBRE A VIDA COTIDIANA EM FINS DO SÉCULO XIX ",Regina Horta Duarte,textual,Capítulo de Livro (pág. 71 - 79),digitalizado (?),HIstória,,1997,UFMG - Revista Varia Historia,"Aborda três importantes simbolos do séc XIX da cidade de São João del- Rei,"Aborda três importantes simbolos do séc XIX da cidade de São João del- Rei;  os sinos;  os carros de boi e a ferrovia através do olhar do visitante."
0,"Permanências e transformações nas cidades-monumento: teatro social e jogos de poder (São João del-Rei, 1937- 1967) ",Honório Nicholls Pereira,textual,Dissertação ,digital,Arquitetura e Urbanismo,"desenvolvimento regional e local, regionalização, planejamento do desenvolvimento.",2009,2009; UFBA; "O objetivo do trabalho é analisar como se deu o processo de construção da cidade de São João del-Rei durante a fase heróica do SPHAN (1937-67);  enfocando a dinâmica entre permanências e transformações urbanas. "
0,"POLÍTICA SOCIAL DE ESPORTE E LAZER:,
Os espaços públicos da cidade de São João del Rei.",Renato Sampaio Sadi,textual,Cap. de livro,digital,Políticas Publicas0,2011,-,-,-,2003-2010,São João del-Rei,São João del-Rei; 
0,"PROGRAMA “MINHA CASA, MINHA VIDA” (FAIXA 1) EM SÃO JOÃO DEL REI, MG: UMA ANÁLISE CRÍTICA",Ana Luiza Aureliano Silva,textual,Artigo,digital,Arquitetura,"Política Habitacional. Programa Minha Casa, Minha Vida. São João del Rei. Direito à cidade. Limites da política.",2016,2016; Geoingá - Revista do Programa de pós-graduação em Geografia; ; Daniela Abritta Cota
0,QUANTAS HISTÓRIAS TEM SÃO JOÃO DEL-REI? MEMÓRIAS DE PROFESSORES DE HISTÓRIA E SUAS RELAÇÕES COM O PATRIMÔNIO CULTURAL LOCAL,Lucas Lopes Cardoso,textual,Dissertação,digital,História,memória; patrimônio cultural; saberes docentes. ,2015,PGHIS,-,Cássia R. Louro Palha,Cássia R. Louro Palha; São João del-Rei
0,Reapropriação urbana. São João del-Rei: Teatro Municipal e Córrego do Lenheiros  ,Taiene Nascimento,textual / projeto,TFG,digital,Arquitetura,,2019,UFSJ,"Faz levantamento histórico e analisa as relações e entre a cidade, o Teatro Municipal e o Córrego do Lenheiros", o Teatro Municipal e o Córrego do Lenheiros"; Rafael Silva Brandão; Século XIX até dias atuais; Área urbana de São João del Rei
0,"REPRESENTAÇÕES DA MODERNIDADE DE SÃO JOÃO DEL-REI ,
",Denis Pereira Tavares,textual,Artigo Científico,digital,História,São João del-Rei. Modernidade. Espaço urbano.,2013,UEPG / Revista de História Regional ,"Aborda as representações, leituras e interpretações que os grupos sociais locais – fundamentalmente aqueles reunidos nos espaços dos periódicos e da Associação Comercial de São João del-Rei – fizeram da cidade de São João del-Rei, ao longo dos anos de 1930 e de 1950, em uma conjuntura de transformações aceleradas na sua paisagem urbana. Aponta os principais elementos que conformaram uma espécie de imaginário urbano e que conduziram um projeto político específico de apropriação e de uso da cidade.", em uma conjuntura de transformações aceleradas na sua paisagem urbana. Aponta os principais elementos que conformaram uma espécie de imaginário urbano e que conduziram um projeto político específico de apropriação e de uso da cidade."; 1930-1950; Área urbana de São João del Rei
0,São João del-Rei- tensões e conflitos na articulação entre o passado e o progresso ,Ralf José Castanheira Flôres,textual,Dissertação,digital,Arquitetura,"Centro, Fábricas,",2007,Escola de Engenharia de São Carlos -USP,Escola de Engenharia de São Carlos -USP; "Trata da inserção da cidade de São João del-Rei;  Minas Gerais no processo de construção da identidade Nacioanl;  através da ação do SPHAN.  "
0,"SERRA DO LENHEIRO, UM CONJUNTO DE GEOSSÍTIOS E SUAS,
INTER-RELAÇÕES CONSTITUINDO UM RELEVANTE,INTER-RELAÇÕES CONSTITUINDO UM RELEVANTE
GEOHERITAGE  ",ARLON CÂNDIDO FERREIRA,textual,Dissertação,digital,Geografia,Geodiversidade; Lugares de Interesse Geoconservacionista; Serra do Lenheiro,2017,UFSJ / PPGEOG,"Considerando o “quadrinômio” Geodiversidade, Geoconservação, Geoturismo e Geopatrimônio, o estado de Minas Gerais é destaque nesse cenário.  Nesta região se destaca a Serra do Lenheiro, o estado de Minas Gerais é destaque nesse cenário.  Nesta região se destaca a Serra do Lenheiro;  localizada nas adjacências da cidade de São João del Rei. Neste contexto;  o objetivo do trabalho foi reconhecer;  caracterizar
",2013-2016,Serra do Lenheiro,Serra do Lenheiro0,
0,Terminal Rodoviário de São João del-Rei: uma discussão sobre a requalificação arquitetônica e mobilidade urbana  (achei no drive o resumo),Fernanda Dias da Silva,textual / projeto,TFG,digital,Arquitetura,,2016,UFSJ,"Faz entrevistas com usuários e funcionários do terminal rodoviário sobre usos, trajetos, trajetos;  entorno;  etc."; Marcella Franco de Andrade
0,TOMBAMENTO E VALORES DO CONJUNTO ARQUITETÔNICO DE SÃO JOÃO DEL REI E O INTERIOR DE SEUS MONUMENTOS RELIGIOSOS,Elis Marina Mota,textual,Artigo,digital,COMPLETAR,São João del Rei. Patrimônio Cultural.Arquitetura Interior. ,2017,RELICÁRIO - Revista do Museu de Arte Sacraa da Diocese de Uberlândia,"Este artigo apresenta a contextualização e os valores para o tombamento do conjunto arquitetônico e urbanístico de São João del Rei e do destaque conferido, por meio de tombamentos isolados, por meio de tombamentos isolados;  em monumentos religiosos pertencentes ao núcleo histórico;  sendo estes a Igreja de São Francisco de Assis;  Igreja de Nossa Senhora do Carmo e a Igreja Matriz de Nossa Senhora do Pilar."
0,Trabalho e combate à vadiagem: representações da mão-de-obra nos discursos dos periódicos de São João del-Rei (1871-1888),Flávio Raimundo Giarola,textual,Artigo,digital,COMPLETAR,"Mão de obra, Vadiagem, Representações.",2011,UFMG / Temporalidades - Revista Discente,UFMG / Temporalidades - Revista Discente; "O artigo tem como proposta entender as representações em torno de nacionais;  negros e imigrantes;  decorrentes de uma mudança da visão do trabalho no Brasil a partir de meados do século XIX. Para isso
0,TRANSFORMAÇÕES NO PERFIL AGRÍCOLA NA MICRORREGIÃO DE SÃO JOÃO DEL-REI: AS DINÂMICAS DA PRODUÇÃO DE SOJA E TRIGO,Jaqueline do Carmo Silva Gonzaga,textual,Dissertação,digital,Geografia,"Soja, Trigo, circuito espacial de produção, círculos de cooperação",2019,2019; UFSJ / PPGEOG; Esta dissertação de mestrado tem como objetivo analisar e explicar as mudanças no perfil produtivo e no uso agrícola do território através do circuito espacial produtivo de grãos (soja e trigo) na Microrregião de São João del-Rei e avaliar a participação desta Microrregião na produção de grãos no contexto estadual e nacional e sua inserção econômica; Márcio Roberto Toledo
0,Transição: (entre) os sentidos da forma-conteúdo. Territorialidades e Temporalidades em São João del-Rei,Adriana G Nascimento e Marcelo José Silva,textual,Artigo,digital,Arquitetura e Urbanismo,"transição, forma-conteúdo, territorialidade, temporalidade, urbano.", urbano."; 2013; ; "O presente texto procura desenvolver algumas considerações acerca do processo de transformação dos modos de ocupação urbana na cidade de São João del-Rei
0,"Trem da memória : um estudo sobre o Complexo Ferroviário de São João Del-Rei, MG.",DANIELLA CRISTIANE SANTOS OLIVEIRA,textual,Monografia,digital,Turismo,Memória Ferroviária; Transporte; Patrimônio Cultural; Turismo; Preservação.,2019,UFOP,"Este estudo apresenta a importância do transporte ferroviário desde a sua criação e chegada no Brasil,"Este estudo apresenta a importância do transporte ferroviário desde a sua criação e chegada no Brasil;  os processos que levaram a sua privatização e consequente declínio;  através dos conceitos de memória;  patrimônio
0,TURISMO E PATRIMÔNIO HISTÓRICO-CULTURAL EM SÃO JOÃO DEL REI/MG,Silvana Toledo de Oliveira,textual,Artigo,digital,Turismo,Turismo Cultural; Patrimônio Cultural; São João Del Rei.,2007,ECA - REVISTA ELETRÔNICA DE TURISMO CULTURAL / USP ,"O presente artigo apresenta brevemente os antecedentes históricos de São João Del Rei e relaciona seu patrimônio histórico e cultural com a atividade turística, hoje uma de suas principais atividades econômicas do município.", hoje uma de suas principais atividades econômicas do município."; 2006-2007; São João del Rei
0,"URBANOGRAFIA E CRIATIVIDADE COLETIVA: ESPAÇO, TEMPO E,
MEMÓRIA NA CONSTITUIÇÃO DE PROCESSOS CRIATIVOS ,MEMÓRIA NA CONSTITUIÇÃO DE PROCESSOS CRIATIVOS 
",THIAGO DE ANDRADE MORANDI,textual,Dissertação,digital,"Interdisciplinar (Artes, Urbanidades e Sustentabilidade)","Urbanografia, Processos Criativos, Arte Urbana, Ubiquidade",2019,UFSJ / PIPAUS,UFSJ / PIPAUS; "Aborda como os aspectos de espaço;  tempo e memória contribuem para a constituição de processos criativos de urbanografia e criatividade coletiva;  com foco em estudos que envolvem camadas de memória da cidade de São João del-Rei."
0,VULNERABILIDADE SOCIAL ANTES E DEPOIS DA OCORRÊNCIA DE DESASTRE EM ÁREA URBANA DA BACIA DO CÓRREGO DO LENHEIRO,Thiago Gonçalves Santos,textual,Artigo,digital,Geografia,Análise Multicritério; Mapas Temáticos. Análise Hierárquica de Processos.,2020,Revista Geoaraguaia,-,Silvia Elena Ventorini,Silvia Elena Ventorini; São João del-Rei
0,O DIREITO À MORADIA X PROGRAMA MINHA CASA MINHA VIDA: ESPACIALIZAÇÃO DOS MARGINALIZADOS DAS CIDADES DE SÃO JOÃO DELREI E BARBACENA,,textual,,digital,,,,,,,
0,ANÁLISE CRÍTICA DO ATUAL PROCESSO DE EXPANSÃO URBANA EM SÃO JOÃO DEL-REI (MG) A PARTIR DO BAIRRO COLÔNIA DO MARÇAL,,textual,,digital,,,,,,,
0,"BAPTISTA CAETANO DE ALMEIDA: um mecenas do projeto civilizatório em São João d’El-Rei no início do século XIX - a biblioteca, a imprensa e a sociedade literária",,textual,,digital,,,,,,
0,"Compadrio e Escravidão: uma análise do apadrinhamento de cativos em São João del Rei, 1730-1850∗",,textual,,digital,,,,,,
0,"Crianças Expostas: um estudo da prática do enjeitamento em São João del Rei, séculos XVIII e XIX",,textual,,digital,,,,,,
0,"LEGITIMIDADE, CASAMENTO E RELAÇÕES DITAS ILÍCITAS EM SÃO JOÃO DEL REI (1730-1850)",,textual,,digital,,,,,,
0,O BEM AVENTURADO MORRER: PREPARAÇÃO PARA MORTE E RITOS FÚNEBRES EM SÃO JOÃO DEL-REI DO SÉCULO XIX,,textual,,digital,,,,,,,
0,"Os Benguelas de São João del Rei: tráfico atlântico, religiosidade e identidades étnicas (Séculos XVIII e XIX) ∗",,textual,,digital,,,,,,
0,PEGMATITOS DA REGIÃO DE SÃO JOAO DEL REI - MG,,textual,,digital,,,,,,,
0,“RELHO NÃO MATAVA NEGRO”: CRIMES CONTRA ESCRAVOS NA COMARCA DO RIO DAS MORTES (1840 – 1888),,textual,,digital,,,,,,,
0,“Servir ao Santo Tribunal”: trajetórias e atuação dos oficiais da Inquisição no termo de São João del-Rei (século XVIII),,textual,,digital,,,,,,,
0,A CRIMINALIDADE ESCRAVA EM SÃO JOÃO DEL-REI ∗ (1850-1860),,textual,,digital,,,,,,,
0,A CULTURA ESCOLAR E OS SIGNIFICADOS DA FORMAÇÃO DO SUJEITO NOS COLÉGIOS SANTO ANTÔNIO E NOSSA SENHORA DAS DORES DE SÃO JOÃO DEL-REI (1940-1960),,textual,,digital,,,,,,,
0,A DIFUSÃO DO LIVRO ATRAVÉS DE BIBLIOTECAS PARTICULARES EM SÃO JOÃO DEL REI (1831-1840),,textual,,digital,,,,,,,
0,A FAMÍLIA ESCRAVA EM SÃO JOÃO DEL REI NA PRIMEIRA DÉCADA DO SÉC. XIX,,textual,,digital,,,,,,,
0,A VOZ DOS ATABAQUES NA CIDADE ONDE OS SINOS FALAM: TRAJETÓRIAS DE VIDAS DE MÃES E PAIS DE SANTO EM SÃO JOÃO DEL-REI (MG),,textual,,digital,,,,,,,
0,"ELITES ECONÔMICAS E ATIVIDADES AGROPASTORIS DE ABASTECIMENTO: SÃO JOÃO E SÃO JOSÉ DEL-REI, 1750- 1808",,textual,,digital,,,,,,
0,ENTRE O DISCURSO E A PRÁTICA: O IDEÁRIO FEMININO NA SOCIEDADE SÃO-JOANENSE (1829-1832),,textual,,digital,,,,,,,
0,ESCRAVOS VELHOS EM SÃO JOÃO DEL-REI DO SÉCULO XIX: 1831 a 1861,,textual,,digital,,,,,,,
0,FAMÍLIA ESCRAVA EM SÃO JOSÉ DEL REI: ASPECTOS DEMOGRÁFICOS E IDENTITÁRIOS (1830-1850),,textual,,digital,,,,,,,
0,"FUGAS DE ESCRAVOS NA COMARCA DO RIO DAS MORTES, PRIMEIRA METADE DO SÉCULO XIX",,textual,,digital,,,,,,
0,REIS DO ROSÁRIO: poder e relações simbólicas na Irmandade de Nossa Senhora do Rosário de São João del-Rei (cc 1840-1909),,textual,,digital,,,,,,,
0,RESISTÊNCIA ESCRAVA: AS FUGAS DE ESCRAVOS EM SÃO JOÃO DEL REI NA ÚLTIMA DÉCADA DE ESCRAVIDÃO NO BRASIL,,textual,,digital,,,,,,,
0,São João Del Rei: impactos da ocupação urbana sobre as vertentes dos bairros Lombão e Bom Pastor,,textual,,digital,,,,,,,
0,"ANÁLISE DAS ÁREAS QUEIMADAS NA SERRA DE SÃO JOSÉ, SÃO JOÃO DEL REI, MINAS GERAIS",,textual,,digital,,,,,
0,O uso agrícola do território na microrregião de São João del-Rei-MG: uma análise do cultivo da soja.,,textual,,digital,,,,,,,
0,"Aspectos da degradação ambiental de uma trilha recreacional na Serra do Lenheiro, São João del-Rei, MG",,textual,,digital,,,,,
0,Notas sobre a formação territorial do município de São João del Rei e o reordenamento espacial a partir do processo de modernização agrícola,,textual,,digital,,,,,,,
0,ENTRE APARELHOS E ARQUIVOS: UMA HISTÓRIA DO LABORATÓRIO DE PSICOLOGIA DA FACULDADE DOM BOSCO DE SÃO JOÃO DEL-REI (1953-1971),,textual,,digital,,,,,,,
0,HISTÓRIAS DE FORMAÇÃO E DESENVOLVIMENTO CRIATIVO: INTERFACES COM A PRÁTICA PROFISSIONAL DE DOIS PROFESSORES DE UMA ESCOLA PÚBLICA DE SÃO JOÃO DEL REI,,textual,,digital,,,,,,,
0,O FIO DA MEMÓRIA NA TESSITURA DE UM OFÍCIO NARRATIVAS DE ARTESÃOS DA MICRORREGIÃO DE SÃO JOÃO DEL-REI – MINAS GERAIS,,textual,,digital,,,,,,,
0,ANÁLISE DO PROCESSO GRUPAL DA ASSOCIAÇÃO DE PORTADORES DE DIABETES DE SÃO JOÃO DEL-REI: ARTICULAÇÕES ENTRE IDENTIDADE E PARTICIPAÇÃO,,textual,,digital,,,,,,,
0,Fracasso e sucesso no desempenho de crianças negras de uma escola pública de São João del-Rei/MG,,textual,,digital,,,,,,,
0,"""SÓ EU POSSO MAS NAO POSSO SOZINHO"" : DIMENSÕES PSCICOSSOCIAIS DE UM TRATAMENTO PARA DEPENDENTES QUÍMICOS NA CIDADE DE SÃO JOÃO DEL-REI  ",,textual,,digital,,,,,,,
0,"Mapeamento participativo de áreas de risco a movimento de massa no bairro Senhor dos Montes – São João Del-Rei, MG",,textual,,digital,,,,,,
0,"Padrinhos de Muitos Afilhados: um estudo do significado do compadrio em São João del Rei, Séculos XVIII e XIX",,textual,,digital,,,,,,
0,O PRINCÍPIO DE INCLUSÃO EM EDUCAÇÃO FÍSICA ESCOLAR: UM ESTUDO EXPLORATÓRIO NO MUNICÍPIO DE SÃO JOÃO DEL-REI,,textual,,digital,,,,,,,
0,Para aumento da instrução da mocidade da nossa pátria: estratégias de difusão do letramento na Vila de São João Del Rei (1824-1831),,textual,,digital,,,,,,,
0,Implantação de políticas públicas em saúde mental: o caso de São João del Rei,,textual,,digital,,,,,,,
0,MARCAS DE UMA FERROVIA: A ESTRADA DE FERRO OESTE DE MINAS EM SÃO JOÃO DEL-REI (1877-1915),,textual,,digital,,,,,,,
0,Desenvolvimento de Guia Eletrônicona forma de Aplicativo Móvel:Uma abordagem para a Semana Santa de São João del-Rei-MG,,textual,,digital,,,,,,,
0,O tombamento dos bens arquitetônicos e urbanísticos de São João del-Rei : embates em torno da preservação e do progresso,,textual,,digital,,,,,,,
0,O Centro Regional de Referência em Políticas sobre Drogas da Universidade Federal de São João del-Rei e a Metodologia de Formação Ativa como ferramenta de ensino e aprendizagem,,textual,,digital,,,,,,,
0,OS SALESIANOS EM SÃO JOÃO DEL-REI,,textual,,digital,,,,,,,
0,"EVOLUÇÃO ESTRUTURAL DA FAIXA SETENTRIONAL DO GRUPO SÃO JOÃO DEL REI, MINAS GERAIS",,textual,,digital,,,,,,
0,São João del-Rei e de outros nomes: um estudo toponímico,,textual,,digital,,,,,,,
0,"Caracterização Geoecológica e Análise de Fragmentos da Bacia do Córrego do Lenheiro, São João Del-Rei – MG",,textual,,digital,,,,,,
0,"Conservação do estromatólito do Tejuco, São João Del-Rei, Minas Gerais : contributos à geomonumentalização a partir de um diálogo entre Brasil e Portugal.",,textual,,digital,,,,,
0,"RONAF: AGRICULTURA FAMILIAR CAMPONESA, DESENVOLVIMENTO TERRITORIAL RURAL E MULTIFUNCIONALIDADE EM SÃO JOÃO DEL-REI/ MG",,textual,,digital,,,,,,
0,Percepções de profissionais sobre a violência contra as mulheres nos serviços de proteção no município de São João del-Rei – MG,,textual,,digital,,,,,,,
0,Notas sobre a Justiça em São João del-Rei,,textual,,digital,,,,,,,
0,Dinâmica Migratória Na Região De Influência De São João Del-Rei: Os Fluxos E A Organização Do Espaço Regional,,textual,,digital,,,,,,,
0,Entre a preservação e o progresso: o palimpsesto urbano na formação da paisagem de São João del- Rei/ MG,,textual,,digital,,,,,,,
0,PRÁTICAS DE LEITURA DE JOVENS NA CIDADE DE SÃO JOÃO DEL - REI,,textual,,digital,,,,,,,
0,Estudo de áreas históricas-naturais na cidade de São João del-Rei (Brasil): parâmetros para o desenvolvimento turístico natural,,textual,,digital,,,,,,,
0,PROJETO DE INTERVENÇÃO: CENTRO SOLIDÁRIO DO TEJUDO / SÃO JOÃO DEL- REI,,textual,,digital,,,,,,,
0,Análise das características e pontencialidades do turismo na cidade de São João Del Rei.,,textual,,digital,,,,,,,
0,Diáspora africana e a memória congadeira em São João del-Rei: “a Congada vem mesmo da raça negra”,,textual,,digital,,,,,,,
0,MODIFICAÇÕES DE USO E COBERTURA DA TERRA NO MUNICÍPIO DE SÃO JOÃO DEL-REI - MG COM ÊNFASE PARA ÁREAS DE REGENERAÇÃO DA COBERTURA VEGETAL,,textual,,digital,,,,,,,
0,"Relação das coleções de documentos históricos dos séculos XVIII e XIX, existentes na Cidade de São João del Rei",,textual,,digital,,,,,,
0,MEMÓRIAS DA TENDA ESPÍRITA PAI JOAQUIM DE ANGOLA EM SÃO JOÃO DEL REI – MINAS GERAIS,,textual,,digital,,,,,,,
0,ESTUDO SOBRE A IMPORTÂNCIA DO RESGATE DO SABER POPULAR SOBRE PLANTAS MEDICINAIS E SUA TRANSMISSÃO EM ESCOLAS PÚBLICAS DE SÃO JOÃO DEL REI - MG,,textual,,digital,,,,,,,
0,Geologia estrutural e estratigrafia do Grupo Sao Joao del-Rei na regiao de Sao Joao del- Rei-MG,,textual,,digital,,,,,,,
0,CENTRO CULTURAL UFSJ: UM ESTUDO AVALIATIVO DO SEU PAPEL EM SÃO JOÃO DEL-REI,,textual,,digital,,,,,,,
0,Descontinuidade de Empresas: um estudo sob a ótica dos contadores na cidade de São João del Rei (MG),,textual,,digital,,,,,,,
0,Imprensa e política: os usos simbólicos da Conjuração Mineira em São João del - Rei e Ouro Preto (1877 – 1889),,textual,,digital,,,,,,,
0,Do Tejo ao Rio das Mortes: sobre fazer-se “homem bom” na longínqua Vila de São João Del Rei. Séculos XVIII e XIX,,textual,,digital,,,,,,,
0,Cidade e bem cultural : um estudo sobre patrimônio histórico e cidade no município de São João del-Rei – MG,,textual,,digital,,,,,,,
0,"Proposta de intervenção: diagnóstico, prevenção e controle da leishmaniose tegumentar americana no Programa de Saúde da Familia (PSF) Tijuco em São João Del Rei, Minas Gerais",,textual,,digital,,,,,
0,Redes Interorganizacionais entre Fábricas de Souvenires em Estanho no Destino Turístico de São João del Rei e Tiradentes- MG,,textual,,digital,,,,,,,
0,Plano de ação para modificar fatores de risco de complicações renais em pacientes diabéticos de um PSF do municipio São João Del Rei-MG,,textual,,digital,,,,,,,
0,Representações do centro histórico de São João Del-Rei- MG por parte das populações de territórios periféricos,,textual,,digital,,,,,,,
0,"As luzes do tempo: Baptista Caetano de Almeida, projeto civilizacional e práticas políticas no Brasil pós-Independência. (São João del-Rei, 1824-1839).",,textual,,digital,,,,,
0,"Higiene e a Cidade: a circulação de teorias higienistas, em São João del-Rei, no final do século XIX",,textual,,digital,,,,,
0,"entre a morte, a palavra e o chão:  memória, sentimento e luto nos cemitérios de São João del Rei",,textual,,digital,,,,,
0,A formação socioespacial de são joão del rei/mg e o processo de regionalização do campo das vertentes.  (Não achei link mas tenho no outro pc),,textual,,digital,,,,,,,
0,MAPEAMENTO DE ÁREAS DE RISCO SOCIOAMBIENTAL: O CASO DO MUNICÍPIO DE SÃO JOÃO DEL-REI - MG ,,textual,,digital,,,,,,,
0,PERCEPÇÃO AMBIENTAL DA POPULAÇÃO RESIDENTE NO ENTORNO DO PARQUE ECOLÓGICO MUNICIPAL DA SERRA DO LENHEIRO: ESTUDO DE CASO DOS BAIRROS SENHOR DOS MONTES E TEJUCO MUNICÍPIO DE SÃO JOÃO DEL-REI/MGi ,,textual,,digital,,,,,,,
0,"O DRAMA SOCIAL DA ABOLIÇÃO: Escravidão. liberdade, trabalho e cidadania em São João del-Rei, Minas Gerais (1871-1897)",,textual,,digital,,,,,
0,A gênese do mercado nacional e a  Cia. Industrial Sanjoanense (c.1890-c.1913) ,,textual,,digital,,,,,,,
0,"ATUAÇÃO DO PROGRAMA MINHA CASA MINHA VIDA EM SÃO JOÃO DEL REI, MINAS GERAIS",,textual,,digital,,,,,,
0,DO BAIRRO AO HOMEM,,textual,TFG,digital,,,,,,,
0,BAIRRO PASSADO E PRESENTE O FUTURO É AGORA - SENHOR DOS MONTES,,textual,Revista,digital,,,,,,,
0,,,textual,,digital,,,,,,,
0,,,textual,,digital,,,,,,,
0,,,textual,,digital,,,,,,,
0,,,textual,,digital,,,,,,,
0,,,textual,,digital,,,,,,,
0,,,textual,,digital,,,,,,,
0,,,textual,,digital,,,,,,,
0,,,textual,,digital,,,,,,,
0,,,textual,,digital,,,,,,,
0,,,textual,,digital,,,,,,,
0,,,textual,,digital,,,,,,,
0,,,textual,,digital,,,,,,,
0,,,textual,,digital,,,,,,,
0,,,textual,,digital,,,,,,,
0,,,textual,,digital,,,,,,,
0,,,textual,,digital,,,,,,,
0,,,textual,,digital,,,,,,,
0,,,textual,,digital,,,,,,,
